"System ID","UPC","EAN","Custom SKU","Manufact. SKU","Description","Stock","Sold","Subtotal","Discounts","Subtotal w/ Discounts","Total","Cost","Profit","Margin"
"210000003374","","","250728-02","058817930836","49N CANTILEVER PADS 70MM","55","5","$40.00","$0.00","$40.00","$45.20","$13.00","$27.00","67.5%"
"210000000088","","","","","Adjust Rear *V-Brake*","0","5","$90.00","$0.00","$90.00","$101.70","$0.00","$90.00","100%"
"210000000349","763477000293","","340572","","PARK FOLDING HEX WRENCH AWS-10","0","1","$20.00","$0.00","$20.00","$22.60","$8.00","$12.00","60%"
"210000004720","763477000972","","","340599-02","PARK TOOL BIO CHAIN BRITE","1","1","$26.00","$0.00","$26.00","$29.38","$13.00","$13.00","50%"
"210000004400","","","","042-2275","Free Agent Lumen Black","2","1","$620.00","$80.60","$539.40","$609.52","$399.99","$139.41","25.85%"
"210000003962","","","04-4655","","CRUZ MATTE BLK S/M","3","1","$80.00","$20.00","$60.00","$67.80","$39.99","$20.01","33.35%"
"210000004106","058817470936","","254009-05","","49N PERCH WOMENS 153 SADDLE","12","1","$30.00","$7.50","$22.50","$25.43","$9.99","$12.51","55.6%"
"210000001828","058817004032","","160030","","12.5 x 1.75-2.25 SV(35) TUBE","11","1","$7.00","$0.91","$6.09","$6.88","$2.50","$3.59","58.95%"
"210000004459","621920560216","","","56-058-08","TIRE COMP III 12 x 1/2 x 2-1/4 BLK","0","1","$20.00","$2.60","$17.40","$19.66","$6.13","$11.27","64.77%"
"210000003554","058817274541","","250730-02","","49N CARTRIDGE STYLE ROAD BRAKE PADS","9","1","$15.00","$2.25","$12.75","$14.41","$5.29","$7.46","58.51%"
"210000004382","763416273696","","SPB-16","","POLYNESIAN PUNCH","25","5","$15.00","$0.00","$15.00","$16.95","$10.00","$5.00","33.33%"
"210000004828","","","","166216-07","SCHWALBE ROAD CRUISER TIRE 700 x 40c","0","3","$108.00","$0.00","$108.00","$122.04","$54.00","$54.00","50%"
"210000003455","770612335974","","020175-20","770612335974","EVO, Presta, Tube, Length: 48mm, 700C, 35-44C","64","5","$40.00","$0.00","$40.00","$45.20","$13.95","$26.05","65.13%"
"210000000124","","","","","Install Tire","0","19","$200.00","$0.00","$200.00","$226.00","$0.00","$200.00","100%"
"210000000131","","","","","True Rear Wheel","0","15","$420.00","$0.00","$420.00","$474.60","$0.00","$420.00","100%"
"210000002947","058817462276","","","160020-21","49N STD 700C x 35-50MM S/V40","-3","6","$54.00","$0.00","$54.00","$61.02","$27.00","$27.00","50%"
"210000002769","058817462269","","","160020-20","49N STD 700C x 28-35MM S/V40","7","12","$96.00","$0.00","$96.00","$108.48","$44.77","$51.23","53.36%"
"210000003370","770612335912","","020175-14","","EVO, Presta, Tube, Length: 48mm, 700C, 23-25C","154","4","$36.00","$0.00","$36.00","$40.68","$9.16","$26.84","74.56%"
"210000000350","763477101334","763477003751","","030029-01","PARK SUPER PATCH KIT GP-2","45","2","$10.00","$0.00","$10.00","$11.30","$3.28","$6.72","67.2%"
"210000003453","770612336810","","011693-02-26","","EVO, Outcross, Tire, 26''x2.00, Wire, Clincher, Black","1","9","$243.00","$0.00","$243.00","$274.59","$97.91","$145.09","59.71%"
"210000002967","058817462238","","160020-17","","49N STD 26 x 1.95-2.40 SV","9","14","$112.00","$0.00","$112.00","$126.56","$50.40","$61.60","55%"
"210000003746","621920283108","","28-075-70","","Rim Tape 26 x 18mm","0","3","$15.00","$0.00","$15.00","$16.95","$7.56","$7.44","49.6%"
"210000000125","","","","","Install Tube","0","39","$400.00","$0.00","$400.00","$452.00","$0.00","$400.00","100%"
"210000003701","621920362162","","36-124-23","","STEM EXTENSION 28.6 X 22.2 X 130mm","1","1","$16.00","$0.00","$16.00","$18.08","$7.09","$8.91","55.69%"
"210000004171","","","160303-08","","EVO, E-Tec, Stem, 28.6mm, 75mm, 35D, 25.4mm, Black","0","1","$38.00","$0.00","$38.00","$42.94","$16.64","$21.36","56.21%"
"210000004082","400310068835","","14-081-33","","MTB Megaexo BB 68/73 24 mm","3","1","$35.00","$0.00","$35.00","$39.55","$17.85","$17.15","49%"
"210000001637","886798018447","","C-1873001071","","PODIUM CHILL 24OZBLACK","1","3","$75.00","$0.00","$75.00","$84.75","$37.93","$37.07","49.43%"
"210000003393","","","06-0005","","ESI CHUNKY BLACK","32","1","$30.00","$0.00","$30.00","$33.90","$14.99","$15.01","50.03%"
"210000000363","","","","","SILVER TUNE UP","0","25","$1715.00","$0.00","$1715.00","$1937.95","$0.00","$1715.00","100%"
"210000001843","058817985621","","173628-02","","49N DLX ERGO COMFORT GRIP","10","3","$60.00","$2.60","$57.40","$64.86","$24.00","$33.40","58.19%"
"210000003326","058817042973","","174405-02","","49N 26""-29"" ALLOY STAY DISC ST","27","6","$210.00","$0.00","$210.00","$237.30","$78.00","$132.00","62.86%"
"210000004609","4715910022894","","","JAGSH","JAG BASIC LEX SHFT OUT BLK HOUSING","0","81","$81.00","$0.00","$81.00","$91.53","$32.40","$48.60","60%"
"210000003744","","","253662-01","jagscss","JAG SPT SLK SS SHFT SHIM","0","30","$150.00","$0.00","$150.00","$169.50","$39.60","$110.40","73.6%"
"210000004611","","","","JAGBH","JAG SPT CGX-SL BRK OUT HOUSING","0","83","$83.00","$0.00","$83.00","$93.79","$24.90","$58.10","70%"
"210000004610","","","","JAGBCSS","JAG SPRT SLK SS BRK","0","32","$160.00","$0.00","$160.00","$180.80","$20.48","$139.52","87.2%"
"210000002782","058817521164","","171339","","JOURNEY TUBULAR RACK-BLK","11","2","$128.00","$6.40","$121.60","$137.41","$63.44","$58.16","47.83%"
"210000004792","058817462146","","","160020-09","49N STD 20 x 1.50-1.95"" S/V40","0","4","$32.00","$0.00","$32.00","$36.16","$12.00","$20.00","62.5%"
"210000002949","","","010874-01-20","","Maxxis, Hookworm, Tire, 20''x1.95, Wire, Clincher, Single, 60TPI, Black","0","2","$92.00","$0.00","$92.00","$103.96","$47.48","$44.52","48.39%"
"210000004527","","","","CS-HG200-7","Tongi Shimano Flywheel MTB Bike 7sp 32T","0","3","$160.00","$0.00","$160.00","$180.80","$97.35","$62.65","39.16%"
"210000000345","710845504839","","312819-01","","SRAM PC830 CHAIN 8SPD","0","11","$275.00","$0.00","$275.00","$310.75","$82.50","$192.50","70%"
"210000004248","058817986291","","258482-03","","49N ALLOY QR SEAT CLAMP 34.9","6","1","$13.00","$0.00","$13.00","$14.69","$6.25","$6.75","51.92%"
"210000003297","768661258153","7290001258156","810127-02","","OnGuard, OG 5815, U-Lock, 106mm x 200mm (4.2'' x 7.9'') / Cable 10mm x 120cm (10mm x 4')","14","7","$350.00","$10.00","$340.00","$384.20","$104.93","$235.07","69.14%"
"210000001850","058817221354","","174263-05","","EMOJI BELL - GRIN","0","1","$21.00","$2.10","$18.90","$21.36","$7.99","$10.91","57.72%"
"210000004797","","","CC-08-04-022-001","","Venture Lemans","0","1","$255.00","$0.00","$255.00","$288.15","$195.00","$60.00","23.53%"
"210000004112","058817470837","","254005-03","","49N FORMFIT 190 - MEMORY FOAM SADDLE","21","1","$47.00","$4.70","$42.30","$47.80","$15.99","$26.31","62.2%"
"210000004137","","","52522","","Cartridge BB 115/68 mm Alloy Cups","2","3","$75.00","$0.00","$75.00","$84.75","$37.50","$37.50","50%"
"210000002838","689228634060","","350686-02","","Shimano, FC-TY501, Crankset, 6/7/8 sp., 175mm, 24/34/42T, Riveted, Square, 47.5mm, Black","0","2","$90.00","$0.00","$90.00","$101.70","$37.98","$52.02","57.8%"
"210000000079","","","","","Install Sealed BB *Sealed Cartridge*","0","1","$30.00","$0.00","$30.00","$33.90","$0.00","$30.00","100%"
"210000004711","689228675568","4524667675563","","120475-01","Shimano, CS-HG31, 8sp. cassette, 11-30T, 11-13-15-17-20-23-26-30","0","1","$30.00","$0.00","$30.00","$33.90","$15.49","$14.51","48.37%"
"210000003482","058817930379","","250729-02","","49N  V-BRAKE PADS 70MM","10","7","$56.00","$0.00","$56.00","$63.28","$18.20","$37.80","67.5%"
"210000004219","192790619163","4550170619169","380525-06","","Shimano, BB-UN300-K, Square Taper BB, British, 68mm, : 117.5mm, Silver","10","2","$50.00","$0.00","$50.00","$56.50","$23.98","$26.02","52.04%"
"210000000145","","","","","Bike Packing/Boxing","0","2","$100.00","$0.00","$100.00","$113.00","$0.00","$100.00","100%"
"210000004366","763416273719","","SPB-7","","Black Cherry","30","2","$6.00","$0.00","$6.00","$6.78","$4.00","$2.00","33.33%"
"210000004364","763416273740","","SPB-6","","Shirley Temple","44","1","$3.00","$0.00","$3.00","$3.39","$2.00","$1.00","33.33%"
"210000004379","763416273832","","SPB-12","","Cherry Limeade","43","2","$6.00","$0.00","$6.00","$6.78","$4.00","$2.00","33.33%"
"210000004359","763416273849","","SPB-2","","Bomb Pop","33","1","$3.00","$0.00","$3.00","$3.39","$2.00","$1.00","33.33%"
"210000001660","036121102002","","FL-T04","","DRY LUBE 4OZ F5512","2","3","$45.00","$0.00","$45.00","$50.85","$19.50","$25.50","56.67%"
"210000004528","720018004370","","","K-004370","KEEPER 12 STD W/4' FLEX CABLE","1","2","$140.00","$0.00","$140.00","$158.20","$65.80","$74.20","53%"
"210000004102","3611720061553","","450564-01","","Look, Grip, Cleats, Grey, 4.5°","3","2","$80.00","$0.00","$80.00","$90.40","$39.98","$40.02","50.03%"
"210000004702","192790450186","4550170450182","","200787-04","Shimano, SM-RT10, 160mm, Center Lock","13","1","$25.00","$0.00","$25.00","$28.25","$7.99","$17.01","68.04%"
"210000004333","689228561632","4524667561637","","200828-02","Shimano, SM-RT26 Rotor, 160mm, ISO 6B","7","5","$80.00","$4.80","$75.20","$84.98","$41.20","$34.00","45.21%"
"210000004817","689228033542","4524667033547","","210011-01","Shimano, Y8B698010, M05, BR-M515, Disc brake pads, Resin, Pair, B type","0","4","$100.00","$0.00","$100.00","$113.00","$39.96","$60.04","60.04%"
"210000004334","770612307605","","","570019-06","EVO, Seatpost clamp with quick release, 34.9mm, Black","5","1","$18.00","$0.00","$18.00","$20.34","$7.75","$10.25","56.94%"
"210000004520","720018004967","","","K-004967","KRYPTOFLEX 1218 KEY CABLE LOCK","0","1","$40.00","$0.00","$40.00","$45.20","$18.80","$21.20","53%"
"210000002215","","","spoke","","spoke","0","75","$205.50","$0.00","$205.50","$232.29","$37.50","$168.00","81.75%"
"210000004154","691840757713","","725771-01","","PREMIUM SLIM PEDALS PLASTIC BLK","1","1","$50.00","$0.00","$50.00","$56.50","$25.11","$24.89","49.78%"
"210000003362","","","810491-01","4003318867439","Abus, Bordo Big uGrip 5700, Folding Lock, Key, 100cm, 3.3', 5mm, Black","-1","1","$150.00","$0.00","$150.00","$169.50","$75.99","$74.01","49.34%"
"210000003300","","","810492-01","","Abus, Bordo uGrip 5700C, Folding Lock, Combination, 80cm, 2.6', 5mm, Black","0","1","$130.00","$0.00","$130.00","$146.90","$65.99","$64.01","49.24%"
"210000003402","4019238007800","","CT-1024123","","GRAND PRIX 5000 700 X 23 BLK BLKCHILI","-2","1","$110.00","$0.00","$110.00","$124.30","$60.00","$50.00","45.45%"
"210000001629","768686677670","","BL-7068254","","16G CO2 BULK THREADEDCARTRIDGES","27","4","$14.98","$0.00","$14.98","$16.94","$7.94","$7.04","46.97%"
"210000004159","058817462979","","160023-07","","49N TUBE (0.7MM) PRESTA VALVE 80 mm 700 x 23-28c","17","10","$95.00","$0.00","$95.00","$107.35","$35.00","$60.00","63.16%"
"210000003807","8715019504228","","640762-03","","Basil, Portland Bell, Bell, 55mm, Copper","0","1","$30.00","$0.00","$30.00","$33.90","$15.99","$14.01","46.7%"
"210000004669","","","","04-8165","MAHA 2.0 MAT RED L/XL","1","1","$65.00","$16.25","$48.75","$55.09","$32.50","$16.25","33.33%"
"210000004001","","","20-219-33","","Freewheel 7sp 14-28T","-1","1","$25.00","$0.00","$25.00","$28.25","$9.00","$16.00","64%"
"210000001972","4717592023237","","250424-02","","TEKTRO MD-M280MECHANICAL DISK 160 RR","3","1","$36.00","$0.00","$36.00","$40.68","$18.00","$18.00","50%"
"210000003887","058817102516","","258473-01","","49N SUSPENSION SEATPOST 27.2 350mm SLV","17","1","$38.00","$0.00","$38.00","$42.94","$13.99","$24.01","63.18%"
"210000000200","696260037704","","174100-05","","LIZSKI DSP 2.5 TAPE - GREEN","0","1","$63.99","$0.00","$63.99","$72.31","$32.00","$31.99","49.99%"
"210000002627","","","06-0055","","ESI GRIPS RACERS EDGE GREEN","0","1","$25.00","$0.00","$25.00","$28.25","$12.50","$12.50","50%"
"210000003454","770612335813","","020175-04","","EVO, Presta, Tube, Length: 48mm, 26'', 1.75-2.125","22","2","$10.29","$0.00","$10.29","$11.63","$4.58","$5.71","55.49%"
"210000003395","181517000551","","","06-0095","ESI ROAD WRAP BLACK","15","3","$225.00","$0.00","$225.00","$254.25","$97.68","$127.32","56.59%"
"210000004682","","","","04-8201","PRIME 2.0 SLD GLS BLK L/XL","0","1","$90.00","$22.50","$67.50","$76.28","$45.00","$22.50","33.33%"
"210000002637","","","06-0115","","ESI GRIPS ROAD WRAP GREEN","1","1","$75.00","$0.00","$75.00","$84.75","$36.50","$38.50","51.33%"
"210000004498","768686435119","","","BL-7134751","DAYBLAZER 550 FRONT","0","2","$120.00","$0.00","$120.00","$135.60","$56.40","$63.60","53%"
"210000001635","768686149320","","BL-7097041","","DAYBLAZER 65 REAR","4","3","$150.00","$0.00","$150.00","$169.50","$75.00","$75.00","50%"
"210000002866","764459311406","","640015-01","","Mirrycle, Brass Duet Bell, Brass","29","1","$20.00","$0.00","$20.00","$22.60","$8.83","$11.17","55.85%"
"210000000647","","","GOLD","","GOLD TUNE SPECIAL","0","1","$50.00","$0.00","$50.00","$50.00","$0.00","$50.00","100%"
"210000004367","763416273856","","SPB-23","","BLACKBERRY CREAM","25","6","$18.00","$0.30","$17.70","$20.00","$12.00","$5.70","32.2%"
"210000000095","","","","","Bleed Hydraulic Brake","0","5","$150.00","$0.00","$150.00","$169.50","$0.00","$150.00","100%"
"210000000093","","","","","True Rotor","0","1","$15.00","$0.00","$15.00","$16.95","$0.00","$15.00","100%"
"210000000089","","","","","Adjust Front *Disk Brake*","0","2","$35.00","$0.00","$35.00","$39.55","$0.00","$35.00","100%"
"210000000101","","","","","Hanger True","0","4","$120.00","$0.00","$120.00","$135.60","$0.00","$120.00","100%"
"210000000214","058817160219","","174409-01","","49N DLX DBL LEG K-STND 24-29""","0","5","$260.00","$0.00","$260.00","$293.80","$112.50","$147.50","56.73%"
"210000004412","770612338975","","","670620-01","EVO, Wrest Loc Grips, Lock-On, 138mm, Black/Grey","0","2","$96.00","$0.00","$96.00","$108.48","$38.76","$57.24","59.63%"
"210000002767","058817462245","","160020-18","","49N STD 27.5 x 1.95-2.4"" S/V40","11","9","$76.50","$0.00","$76.50","$86.48","$36.00","$40.50","52.94%"
"210000004659","6933882514676","","","56-070-32","CST TIRE BLACK JACK 27.5 x 1.95","0","5","$175.00","$0.00","$175.00","$197.75","$87.60","$87.40","49.94%"
"210000002771","058817462887","","160022-04","","49N STD 700C x 23-28MM P/V48","10","5","$24.00","$0.00","$24.00","$27.12","$17.82","$6.18","25.76%"
"210000003196","768686731105","","BL-7074412","","CLICK USB REAR LIGHT BLACK","4","1","$30.00","$0.00","$30.00","$33.90","$15.00","$15.00","50%"
"210000004836","","","","28-127-62","ALEX ACE 18 700c SILVER RIM DOUBLE WALL 36H","1","1","$41.00","$0.00","$41.00","$46.33","$20.37","$20.63","50.32%"
"210000004837","","","","","WHEEL BUILD","0","1","$80.00","$0.00","$80.00","$90.40","$0.00","$80.00","100%"
"210000002109","","","RIM","","RIM TAPE","0","19","$97.50","$0.00","$97.50","$110.18","$38.00","$59.50","61.03%"
"210000004832","689228634176","4524667634171","","350686-03","Shimano, FC-TY501, Crankset, 6/7/8 sp., 170mm, 28/38/48T w/CG, Riveted, Square, 47.5mm, Black","0","1","$45.00","$0.00","$45.00","$50.85","$19.99","$25.01","55.58%"
"210000004798","","","CC-08-04-022-002","","Supercycle-Red","0","1","$370.00","$0.00","$370.00","$418.10","$285.00","$85.00","22.97%"
"210000004437","770612335585","","","620747-01","EVO, NiteBright 60/30, Light, Set, Black","-2","3","$123.00","$0.00","$123.00","$138.99","$56.37","$66.63","54.17%"
"210000004715","","","","42-1010","KHS ULTRASPORT 1.0 BLK XL/21","0","1","$850.00","$0.00","$850.00","$960.50","$519.99","$330.01","38.82%"
"210000002341","770612307834","","160292-01","","Threadless Stem Extender 28.6mm Blk 50-80mm","6","0","$0.00","$-4.60","$4.60","$5.20","$0.00","$4.60","100%"
"210000004790","058817462221","","","160020-16","49N 49N STD 26 x 1.50-1.95"" S/V40","9","14","$112.00","$0.00","$112.00","$126.56","$45.50","$66.50","59.38%"
"210000004192","764459234958","","630010-01","","Mirrycle, Mirror For MTB/ Hybrids","24","2","$60.00","$0.00","$60.00","$67.80","$25.97","$34.03","56.71%"
"210000000087","","","","","Adjust Front *V-Brake*","0","2","$40.00","$0.00","$40.00","$45.20","$0.00","$40.00","100%"
"210000003543","847435028830","","04-4595","","PACE CAMO MATTE THD L/XL","5","1","$90.00","$22.50","$67.50","$76.28","$44.99","$22.51","33.35%"
"210000004684","","","","04-8221","CENTRAL SLD MAT BLK L/XL","1","1","$105.00","$26.25","$78.75","$88.99","$52.50","$26.25","33.33%"
"210000004149","","","18-214-61","","Rear Derailleur RD-R43M 2x9sp Mid Cage","0","1","$46.00","$0.00","$46.00","$51.98","$22.58","$23.42","50.91%"
"210000000099","","","","","Adjust Rear Derailleur","0","6","$125.00","$0.00","$125.00","$141.25","$0.00","$125.00","100%"
"210000000190","058817985638","","173628-03","","49N DLX LOCK-DWN ERGO GRIP","-11","1","$25.00","$0.00","$25.00","$28.25","$12.50","$12.50","50%"
"210000000417","725012028599","","650047-03","","Cat Eye, Velo Wireless + (Urban), Cyclocomputer, Black, Backlit","28","2","$150.00","$0.00","$150.00","$169.50","$75.49","$74.51","49.67%"
"210000004805","621920560889","","","56-070-46","DAMCO 29 X 2.00 BLK","6","3","$75.00","$0.00","$75.00","$84.75","$32.94","$42.06","56.08%"
"210000001218","768686072208","","GR-7089185","","REGISTER MIPS MAT BLACK","1","2","$190.00","$0.00","$190.00","$214.70","$94.00","$96.00","50.53%"
"210000003493","720018001966","","K-001966","","KRYPTOLOK STD W/4' FLEX CABLE","2","1","$100.00","$0.00","$100.00","$113.00","$47.00","$53.00","53%"
"210000003624","624316063940","","GR-7104271","","CADEN VENT LIGHT ACCESSORY","2","1","$30.00","$0.00","$30.00","$33.90","$14.40","$15.60","52%"
"210000004349","","","Ebike Tube Install","","E Bike Tube Install","0","2","$60.00","$0.00","$60.00","$67.80","$0.00","$60.00","100%"
"210000003365","","","030031-02","763477008558","Park Tool, VP-1, Vulcanizing patch kit","32","1","$5.00","$0.00","$5.00","$5.65","$1.11","$3.89","77.8%"
"210000003795","4026495716765","","166210-04","","SCHWALBE MARATHON TIRE 24 x 1.75","0","2","$122.00","$0.00","$122.00","$137.86","$61.00","$61.00","50%"
"210000003750","621920540010","","54-026-01","","26 x 1.50-2.10 SV TUBE","-7","4","$32.00","$0.00","$32.00","$36.16","$11.60","$20.40","63.75%"
"210000004839","","","","28-227-25","ALEX RIM DM24 SILVER 36H","-1","2","$100.00","$0.00","$100.00","$113.00","$47.16","$52.84","52.84%"
"210000004838","","","","22-135-41","FRONT ALLOY HUB NUT 36H","0","1","$16.00","$0.00","$16.00","$18.08","$7.80","$8.20","51.25%"
"210000004841","","","","24-200-30","SHIMANO COASTER HUB 36 H","0","1","$41.00","$0.00","$41.00","$46.33","$20.74","$20.26","49.41%"
"210000004842","","","","28-228-24","DAMCO RIM WIDE 24 SILVER 36 H DOUBLE WALL","0","1","$35.00","$0.00","$35.00","$39.55","$16.50","$18.50","52.86%"
"210000002713","","","BL-7079140","","LOCAL BASKET","0","1","$110.00","$0.00","$110.00","$124.30","$55.00","$55.00","50%"
"210000003794","770612335615","","620750-01","","EVO, NiteBright 240/100, Light, Set, Black","4","3","$180.00","$9.00","$171.00","$193.23","$88.80","$82.20","48.07%"
"210000004793","058817463099","","","160023-12","49N 49N SL 29 x 1.95-2.40"" P/V48","10","2","$30.00","$0.00","$30.00","$33.90","$13.50","$16.50","55%"
"210000004377","763416273658","","SPB-11","","Grape","18","2","$6.00","$0.00","$6.00","$6.78","$4.00","$2.00","33.33%"
"210000004358","763416273818","","SPB-1","","Windsor Car Spotters Pink Donut","31","2","$6.00","$0.00","$6.00","$6.78","$4.00","$2.00","33.33%"
"210000001955","058817213762","","160029","","10x2.0x2.25 49N TUBE","0","1","$10.00","$0.00","$10.00","$11.30","$5.00","$5.00","50%"
"210000003330","058817470851","","254006-02","","49N FORMFIT ERGO 175 M/F SDL","23","3","$141.00","$0.00","$141.00","$159.33","$48.00","$93.00","65.96%"
"210000000613","720018004127","","K-004127","","KEEPER 510 FOLDABLE LOCK","0","1","$140.00","$0.00","$140.00","$158.20","$52.50","$87.50","62.5%"
"210000004750","848712038016","","","163847","VEE RUBBER VRB-062 MOD MTB TIRE 24 x 2.0","0","3","$70.00","$0.00","$70.00","$79.10","$30.00","$40.00","57.14%"
"210000000064","","","Bronze tune","","Bike Wash Bolt Tighten","0","3","$105.00","$0.00","$105.00","$118.65","$0.00","$105.00","100%"
"210000002600","689228885905","4524667885900","120622-01","","Shimano, 105 CS-R7000, Cassette, Speed: 11, 11-28T","0","-1","$-75.00","$0.00","$-75.00","$-84.75","$-55.99","$-19.01","-25.35%"
"210000001471","689228623323","4524667623328","120615-05","","Shimano, Ultegra CS-R8000, 11sp. Cassette, 11-30T","0","1","$165.00","$0.00","$165.00","$186.45","$102.99","$62.01","37.58%"
"210000004234","4712765146430","","345083-02","","SUPER B 2-IN-1 MASTER LINK PLIERS","-1","1","$30.00","$0.00","$30.00","$33.90","$12.00","$18.00","60%"
"210000000126","","","","","Install Multi-Speed Chain","0","4","$120.00","$0.00","$120.00","$135.60","$0.00","$120.00","100%"
"210000000104","","","","","Adjust Front Derailleur","0","1","$20.00","$0.00","$20.00","$22.60","$0.00","$20.00","100%"
"210000003195","768686731099","","BL-7074411","","CLICK USB FRONT LIGHT BLACK","7","1","$30.00","$0.00","$30.00","$33.90","$15.00","$15.00","50%"
"210000000364","","","Gold tune","","Bike Tune","0","12","$1080.00","$0.00","$1080.00","$1220.40","$0.00","$1080.00","100%"
"210000000387","","4715910028100","200748-01","","Jagwire, V-Brake Boot","49","1","$7.50","$0.00","$7.50","$8.48","$3.00","$4.50","60%"
"210000000368","770612276086","","030019-01","","Varia, Presta valve adapters, bottle of 50","156","2","$4.00","$0.00","$4.00","$4.52","$0.70","$3.30","82.5%"
"210000004127","058817470813","","254005-01","","49N FORMFIT 157 - MEMORY FOAM SADDLE","2","2","$94.00","$0.00","$94.00","$106.22","$31.98","$62.02","65.98%"
"210000001971","4717592023244","","250424-01","","TEKTRO MD-M280 MECHANICAL DISK 160 FR","1","1","$36.00","$0.00","$36.00","$40.68","$15.84","$20.16","56%"
"210000004807","","","","10-110-10","SEAT POST KALLOY BLK 30.4mm","1","1","$25.00","$0.00","$25.00","$28.25","$10.33","$14.67","58.68%"
"210000000092","","","","","Install Mechanical Brake *Front/Rear*","0","1","$25.00","$0.00","$25.00","$28.25","$0.00","$25.00","100%"
"210000002796","058817102646","","254517-02","","49N DLX MTN STEM 45MM 31.8 BLK","5","1","$35.00","$3.50","$31.50","$35.60","$16.00","$15.50","49.21%"
"210000004303","058817210396","","253044-01","","WELLGO M094 MTB CLIPLESS PEDAL","0","1","$63.00","$6.30","$56.70","$64.07","$27.00","$29.70","52.38%"
"210000004381","763416273788","","SPB-17","","CHERRY COLA","37","2","$6.00","$0.00","$6.00","$6.78","$4.00","$2.00","33.33%"
"210000001662","036121160002","","FL-C04","","WET LUBE 4OZ A57+A57","5","2","$30.00","$0.00","$30.00","$33.90","$13.00","$17.00","56.67%"
"210000004689","","","","04-8241","TRAFFIC 2.0 SLD MAT BLK L/XL","0","2","$320.00","$40.00","$280.00","$316.40","$160.00","$120.00","42.86%"
"210000002731","720018997962","","K-997962","","ORIGINAL KEEPER 12 LS","0","1","$55.00","$7.15","$47.85","$54.07","$25.85","$22.00","45.98%"
"210000004384","763416273672","","SPB-26","","Orange","34","1","$3.00","$0.00","$3.00","$3.39","$2.00","$1.00","33.33%"
"210000004017","","","26-532-95","","Rear Wheel 26 Black Double Wall QR","0","1","$50.00","$0.00","$50.00","$56.50","$25.72","$24.28","48.56%"
"210000003892","","","041-2560","","SMOOTHIE LADIES MINT GREEN","-1","1","$610.00","$0.00","$610.00","$689.30","$337.99","$272.01","44.59%"
"210000004250","058817205897","","171433-01","","49N ST. LAWRENCE BASKET BLACK","9","1","$65.00","$6.50","$58.50","$66.11","$32.50","$26.00","44.44%"
"210000004712","689228414006","4524667414018","","500079-01","Shimano, Ultegra CN-6701, Chain, 10sp., 116 links","0","1","$58.00","$0.00","$58.00","$65.54","$34.99","$23.01","39.67%"
"210000002859","689228130920","4524667130925","260022-01","","Shimano, Altus RD-M310, Rear derailleur, 7/8sp., Black, Smart","10","2","$80.00","$0.00","$80.00","$90.40","$41.78","$38.22","47.78%"
"210000001650","","","CT-1007028","","GRAND SPORT RACE 700 X28 FOLD","0","1","$60.00","$0.00","$60.00","$67.80","$30.00","$30.00","50%"
"210000000211","058817931659","","174231-01","","49N DLX CORK BAR TAPE - BLACK","2","1","$18.00","$0.00","$18.00","$20.34","$8.75","$9.25","51.39%"
"210000004651","768686377280","","","GR-7129944","FIXTURE MIPS MAT TRIM RED","0","1","$100.00","$20.00","$80.00","$90.40","$47.00","$33.00","41.25%"
"210000004242","058817205811","","170994-10","","49N PACE CAGE GLOSS BLACK","14","1","$17.00","$3.40","$13.60","$15.37","$8.25","$5.35","39.34%"
"210000004801","689228893559","4524667893554","","500283-01","Shimano, CN-HG53, Chain, Speed: 9, 6.57mm, Links: 116, Silver","0","1","$42.00","$8.40","$33.60","$37.97","$20.99","$12.61","37.53%"
"210000002661","","","","04-8107","CHAKRA SOLO SLD WHT S/M","4","1","$68.00","$17.00","$51.00","$57.63","$30.00","$21.00","41.18%"
"210000002663","847435024948","","","04-8105","CHAKRA SOLO SLD BLK S/M","0","2","$136.00","$34.00","$102.00","$115.26","$60.00","$42.00","41.18%"
"210000004472","768686072086","","","GR-7089167","REGISTER MAT BLACK","0","1","$80.00","$0.00","$80.00","$90.40","$37.60","$42.40","53%"
"210000003952","621920120090","","12-009-11","","ALUMINUM PLATEFORM PEDAL","5","2","$80.00","$0.00","$80.00","$90.40","$37.90","$42.10","52.63%"
"210000004714","","","","42-1955","KHS GRAVEL GRIT 55 BLUE L/58","0","1","$1350.00","$0.00","$1350.00","$1525.50","$799.99","$550.01","40.74%"
"210000004567","768686477225","","","GR-7140765","VASONA MIPS MT AN HBR BL FD UW","0","1","$100.00","$10.00","$90.00","$101.70","$47.00","$43.00","47.78%"
"210000003683","058817462566","","160021-16","","49N STANDARD  (48mm P/V) 700 x 23-28c","13","4","$24.00","$0.00","$24.00","$27.12","$14.00","$10.00","41.67%"
"210000004232","058817397141","","253038-03","","WELLGO C336 URBAN ALLOY FLAT PEDAL","14","1","$27.00","$0.00","$27.00","$30.51","$12.32","$14.68","54.37%"
"210000003570","768686377143","","GR-7129835","","REGISTER MIPS MAT PORT GREY","-1","-1","$-100.00","$0.00","$-100.00","$-113.00","$-47.00","$-53.00","-53%"
"210000004616","768686265020","","","GR-7112791","AGILIS MIPS MATTE BLACK M","0","1","$150.00","$19.50","$130.50","$147.47","$70.50","$60.00","45.98%"
"210000001638","886798014913","","C-1873101071","","PODIUM CHILL 24OZWHITE/BLACK","3","2","$52.00","$0.00","$52.00","$58.76","$24.96","$27.04","52%"
"210000002785","058817896040","","177772-01","177772-01","REARRUNNER BLK/GRY","-2","2","$50.00","$0.00","$50.00","$56.50","$22.00","$28.00","56%"
"210000004835","086699649560","3528706494161","","010923-01-700","ichelin, Protek Cross, Tire, 700x35C, Wire, Clincher, Protek 1mm, Reflex, 22TPI, Black","0","5","$200.00","$0.00","$200.00","$226.00","$104.45","$95.55","47.78%"
"210000000599","768686072185","","GR-7089182","","REGISTER MAT WHITE","0","1","$80.00","$0.00","$80.00","$90.40","$30.00","$50.00","62.5%"
"210000001038","4026495676236","4026495781329","010956-11-700","","Schwalbe, Delta Cruiser, 700x35C, Wire, SBC, Clincher, KevlarGuard, 50TPI, 55-85PSI, Beige","0","1","$35.00","$0.00","$35.00","$39.55","$14.99","$20.01","57.17%"
"210000004031","818113020682","","06-1150","","ESI Plush Silicone Blk","0","1","$30.00","$0.00","$30.00","$33.90","$14.49","$15.51","51.7%"
"210000004595","","","","","Bike Build","0","1","$70.00","$0.00","$70.00","$79.10","$0.00","$70.00","100%"
"210000002856","770612341739","","130210-02","","EVO, Power Guard LT, Fender, 700 x 23 to 32C, 35mm, Black, Pair","3","1","$52.00","$0.00","$52.00","$58.76","$23.75","$28.25","54.33%"
"210000003422","","","340540","","SCW SHOP CONE WRENCH SCW-13","0","1","$14.00","$0.00","$14.00","$15.82","$6.75","$7.25","51.79%"
"210000004844","","","","390730-05","Wolf Tooth Components, BCD 104mm Elliptical, Chainring, Teeth: 34, Speed: 12, BCD: 104, Bolts: 4, Single, 7075 Aluminum, Black","0","1","$135.00","$0.00","$135.00","$152.55","$79.19","$55.81","41.34%"
"210000004845","","","","120608-01","Sun Race, CSMX3, Cassette, 10 sp. 11-42T, For Shimano/SRAM, Metallic Silver","0","1","$130.00","$0.00","$130.00","$146.90","$69.99","$60.01","46.16%"
"210000004516","768686495649","","","GH-7141232","COMP HIGH RISE BLACK/BRIGHT RED L","1","0","$0.00","$0.00","$0.00","$0.00","$0.00","$0.00",""
"210000003532","770612325364","","890717-01","","EVO, E-Tec GS-1, Free Standing Rack","67","2","$64.00","$0.00","$64.00","$72.32","$31.98","$32.02","50.03%"
"210000003375","5060541580008","","168901-01","PTS120","PEATYS TUBELESS TIRE SEALANT","35","1","$15.00","$0.00","$15.00","$16.95","$8.00","$7.00","46.67%"
"210000004034","628250704822","","005-0065","","WPL Tubeless Tire Sealant 250ml","3","1","$20.00","$0.00","$20.00","$22.60","$8.50","$11.50","57.5%"
"210000004326","6927116185695","","80694","","CYT 700 x 18-23 SV 48mm Tube","14","1","$8.00","$0.00","$8.00","$9.04","$3.00","$5.00","62.5%"
"210000003959","725012011928","4990173011926","640038-01","","CatEye,Wind PB-1000, Bell, Black","25","1","$20.00","$0.00","$20.00","$22.60","$5.99","$14.01","70.05%"
"210000003851","","","04-4656","","Cruz Matte Black L/XL","2","2","$160.00","$40.00","$120.00","$135.60","$79.98","$40.02","33.35%"
"210000003946","","","04-4658","","CRUZ MATTE WHT/L/XL","4","1","$80.00","$20.00","$60.00","$67.80","$39.99","$20.01","33.35%"
"210000003344","641300144997","","342391-01","","CRABRO SPEEDIER LVR BLK PKG(1)","2","2","$15.18","$0.00","$15.18","$17.15","$8.36","$6.82","44.93%"
"210000001858","","","160080","","18 X 2.1 SV(35) TUBE","17","1","$7.00","$0.00","$7.00","$7.91","$3.00","$4.00","57.14%"
"210000001795","058817986154","","258471-02","","49N DLX SEATPOST, 30.9, 400MM","2","1","$26.00","$9.10","$16.90","$19.10","$12.22","$4.68","27.69%"
"210000002715","886798014739","","C-1875001071","","PODIUM 24OZ BLACK","2","1","$20.00","$0.00","$20.00","$22.60","$8.59","$11.41","57.03%"
"210000001846","","","172212-01","","49N LED BAND HI-VIZ ORG","2","1","$15.00","$0.00","$15.00","$16.95","$7.50","$7.50","50%"
"210000003802","058817148057","","177773-01","","AXIOM FRONTRUNNER FAT","0","1","$22.00","$0.00","$22.00","$24.86","$8.99","$13.01","59.14%"
"210000004846","","","","902475-01","Brooks, Proofide Leather Care, 30ml","0","1","$15.50","$3.10","$12.40","$14.01","$9.99","$2.41","19.44%"
"210000002839","770612340176","","041618-02-29","","Wheel Shop, Alex MD21/Formula DC-20/DC-22/DT Stainless 29'', Wheel, : Disc IS 6-bolt, 29'' / 622, Rear, Holes: 32H, QR, 135mm, Shimano HG","0","1","$100.00","$0.00","$100.00","$113.00","$74.24","$25.76","25.76%"
"210000004848","","","","041618-01-29","Wheel Shop, Alex MD21 / Formula DC-20, Front 29'' Wheel, 32 Sapim Leader Spokes, Disc IS 6-bolt, QR, 100mm","0","1","$100.00","$0.00","$100.00","$113.00","$64.34","$35.66","35.66%"
"210000001184","","4250450711148","720623-01","","EVOC, Chain cover","1","1","$20.00","$0.00","$20.00","$22.60","$17.49","$2.51","12.55%"
"210000004374","763416273665","","SPB-10","","Lime Ricky","34","2","$6.00","$0.00","$6.00","$6.78","$4.00","$2.00","33.33%"
"210000000130","","","","","True Front Wheel","0","3","$60.00","$0.00","$60.00","$67.80","$0.00","$60.00","100%"
"210000004220","","","380525-13","","Shimano, BB-UN300-K D-EL, Square Taper BB, British, 68mm, : 127.5mm, Silver","4","1","$25.00","$0.00","$25.00","$28.25","$10.66","$14.34","57.36%"
"210000001976","058817274503","","252855-02","","49 NORTH MTB PEDALS ALLOY BLACK 9/16","7","1","$20.00","$0.00","$20.00","$22.60","$10.00","$10.00","50%"
"210000004605","768686678127","","","BL-7099762","OUTPOST FRAME BAG M","0","1","$100.00","$0.00","$100.00","$113.00","$47.00","$53.00","53%"
"210000004129","3420581240010","643187000502","710115-01","","Zéfal, Aluplast 124, Bottle Cage, Black","1","2","$16.00","$0.00","$16.00","$18.08","$5.98","$10.02","62.63%"
"210000004554","886798014746","","","C-1875601071","PODIUM 24OZ FIERY RED","0","1","$20.00","$0.00","$20.00","$22.60","$9.40","$10.60","53%"
"210000003384","886798024912","","C-1875502071","","Podium 24 oz Burgundy","0","1","$20.00","$0.00","$20.00","$22.60","$8.50","$11.50","57.5%"
"210000004843","","","","920774-01-U","EVO, Grand Rapid 3 ST, Commuter Bicycle, 700C, Dew Lily Green, 17''","0","1","$630.00","$0.00","$630.00","$711.90","$395.99","$234.01","37.14%"
"210000002662","","","","04-8108","CHAKRA SOLO SLD WHT L/XL","0","1","$68.00","$17.00","$51.00","$57.63","$30.00","$21.00","41.18%"
"210000003352","","","620749-01","770612335608","NiteBright™ 240 Headlight","19","2","$64.00","$0.00","$64.00","$72.32","$29.98","$34.02","53.16%"
"210000000076","","","","","Install Loose Bearings In FHB","0","1","$10.00","$0.00","$10.00","$11.30","$0.00","$10.00","100%"
"210000000066","","","","","Adjust Front Hub Cones","0","1","$10.00","$0.00","$10.00","$11.30","$0.00","$10.00","100%"
"210000004783","689228578975","","","120517-03","Shimano, CS-HG400-9, 9sp. cassette, 11-13-15-17-20-23-26-30-34T","0","1","$50.00","$0.00","$50.00","$56.50","$25.99","$24.01","48.02%"
"210000003291","710845019517","","500027-01","","SRAM, PC 951, 9sp chain, 114 links, Powerlink","1","1","$30.00","$0.00","$30.00","$33.90","$13.99","$16.01","53.37%"
"210000004089","4717592022872","","250220-01","","TEKTRO 837AL V-BRAKE BLACK","1","3","$60.00","$0.00","$60.00","$67.80","$19.80","$40.20","67%"
"210000003827","400310052322","","14-080-35","","Bottom Bracket Cartridge 68mm x 110.5mm","1","1","$20.00","$0.00","$20.00","$22.60","$9.72","$10.28","51.4%"
"210000003141","766759057107","","500303-01","","KMC, MissingLink, 6/7/8 speed IG,","0","2","$10.00","$0.00","$10.00","$11.30","$7.98","$2.02","20.2%"
"210000004466","","","","20-219-32","Freewheel 6SP 14/28T","1","1","$25.00","$0.00","$25.00","$28.25","$8.50","$16.50","66%"
"210000004114","4260477060716","","173644-02","","ERGON GP1","6","1","$48.00","$0.00","$48.00","$54.24","$20.89","$27.11","56.48%"
"210000000071","","","Rear Hub Service","Hub Service","Grease Rear Hub","0","2","$60.00","$0.00","$60.00","$67.80","$0.00","$60.00","100%"
"210000002954","","","120612-01","","SRAM, GX EAGLE XG-1275, 12sp. Cassette, 10-50T","0","1","$337.00","$0.00","$337.00","$380.81","$184.99","$152.01","45.11%"
"210000004215","","","260120-01","","Shimano, RD-A070, Rear derailleur, 7sp., With adapter, Smart","42","1","$32.00","$0.00","$32.00","$36.16","$16.00","$16.00","50%"
"210000004696","","","","72108","HANDLEBAR 25.4 SIL ALLY 100mm/620mm","0","1","$16.00","$0.00","$16.00","$18.08","$8.00","$8.00","50%"
"210000003328","058817049088","","252856-02","","49N RESIN FLAT PEDAL BLK 1/2""","13","1","$20.00","$0.00","$20.00","$22.60","$3.99","$16.01","80.05%"
"210000003729","","","041-2530","","Smoothie Deluxe Ladies Light Blue","1","1","$650.00","$0.00","$650.00","$734.50","$377.99","$272.01","41.85%"
"210000004810","","","","26-430-89","FRONT 700 SILVER 2XWALL NUTTED","0","1","$60.00","$0.00","$60.00","$67.80","$28.06","$31.94","53.23%"
"210000000150","058817004148","","160190","","24 X 1.9-2.125 SV(35) TUBE","1","1","$7.00","$0.00","$7.00","$7.91","$3.00","$4.00","57.14%"
"210000004253","058817287084","","171433-30","","49N ST. LAWRENCE  WICKER DLX QR","3","1","$145.00","$0.00","$145.00","$163.85","$72.50","$72.50","50%"
"210000004266","058817931314","","252852-01","","49N URBAN PEDALS - RESIN / ALLOY","20","1","$33.00","$0.00","$33.00","$37.29","$16.50","$16.50","50%"
"210000003404","768686682872","","GH-7068722","","STRATEDURE BLACK/BRIGHT RED XL","0","1","$60.00","$0.00","$60.00","$67.80","$28.50","$31.50","52.5%"
"210000004029","058817102790","","174235-04","","49N ULTRA GRIP PU BAR TAPE BLUE","1","1","$31.00","$0.00","$31.00","$35.03","$15.50","$15.50","50%"
"210000003449","770612336643","","011690-04-26","","EVO, Mosey, Tire, 26''x2.125, Wire, Clincher, Black/White","19","3","$75.00","$0.00","$75.00","$84.75","$32.97","$42.03","56.04%"
"210000004574","768686477270","","","GR-7140786","FIXTURE MIPS MT AN HBR BL FD UA","0","1","$100.00","$0.00","$100.00","$113.00","$47.00","$53.00","53%"
"210000004761","","","","20-118-23","FREEWHEEL 8sp 13-28T","4","1","$25.00","$0.00","$25.00","$28.25","$12.00","$13.00","52%"
"210000002016","768686070273","","BL-7085511","","MAMMOTH FLIP PUMP BLACKBURN","0","1","$65.00","$0.00","$65.00","$73.45","$32.50","$32.50","50%"
"210000004368","763416273863","","SPB-22","","BANNANA CREAM","37","1","$3.00","$0.00","$3.00","$3.39","$2.00","$1.00","33.33%"
"210000002780","847746009870","","168830-02","","STANS VALVE CORE","28","2","$10.00","$0.00","$10.00","$11.30","$3.00","$7.00","70%"
"210000003873","621920540027","","54-026-00","","TUBE 26 x 1.40-1.75 SV","2","1","$8.00","$0.00","$8.00","$9.04","$2.90","$5.10","63.75%"
"210000004340","","","","011850-04-26","Kenda, Kwick Drumlin, Tire, 26''x1.75, Wire, Clincher, Single, 60TPI, Black","-1","1","$56.00","$0.00","$56.00","$63.28","$26.67","$29.33","52.38%"
"210000000477","","5037835850000","901213-01","","Muc-Off, Wash, Protect & Lube, Maintenance Kit - Wet Lube","0","1","$50.00","$6.50","$43.50","$49.16","$25.99","$17.51","40.25%"
"210000004378","763416273689","","SPB-18","","MAPLE ROOT BEER","33","2","$6.00","$0.00","$6.00","$6.78","$4.00","$2.00","33.33%"
"210000003403","768686682865","","GH-7068721","","STRATEDURE BLACK/BRIGHT RED L","1","-1","$-60.00","$0.00","$-60.00","$-67.80","$-28.20","$-31.80","-53%"
"210000001869","058817931543","","170992-01","","49 ALLOY WATERBOTTLE CAGE-BLK","142","1","$11.00","$0.00","$11.00","$12.43","$4.25","$6.75","61.36%"
"210000002207","","","26310","","5MM HEADET SPACER","46","1","$2.50","$0.00","$2.50","$2.83","$0.50","$2.00","80%"
"210000004831","192790619262","4550170619268","","380525-10","Shimano, BB-UN300-E LL123, Square Taper BB, British, 68mm, : 122.5mm, Silver","0","3","$72.00","$0.00","$72.00","$81.36","$35.97","$36.03","50.04%"
"210000004853","","","","Scooter","Tube 10 x 1.95-2.125 SV","8","1","$20.00","$0.00","$20.00","$22.60","$13.20","$6.80","34%"
"210000004854","","","SCOOT","","INSTALL SCOOTER TUBE/TIRE","0","1","$25.00","$0.00","$25.00","$28.25","$0.00","$25.00","100%"
"210000004163","058817462177","","160020-12","","49N TUBE (0.9MM) (SV 40) 24 x 1 1/8-1 3/8","20","1","$7.00","$0.00","$7.00","$7.91","$3.25","$3.75","53.57%"
"210000003447","770612336629","","011690-02-24","","EVO, Mosey, Tire, 24''x1.75, Wire, Clincher, Black","4","2","$50.00","$0.00","$50.00","$56.50","$19.98","$30.02","60.04%"
"210000003857","022255306799","4524667306795","120073-04","","Shimano, SF/MX30, Freewheel, 18T, Chrome, For 3/32'' chain","0","1","$60.00","$0.00","$60.00","$67.80","$29.99","$30.01","50.02%"
"210000004267","058817274510","","252893-01","","49N MTB PEDALS COMPOSITE","55","1","$15.00","$0.00","$15.00","$16.95","$6.00","$9.00","60%"
"210000004680","766759261009","","","46630","KMC Z1EHX-N 1 sp 3/32"" SIL 113 LINKS","0","1","$29.00","$0.00","$29.00","$32.77","$14.50","$14.50","50%"
"210000003359","","","550460-02","8021890419286","Selle Royal, Freeway Moderate, Saddle, 260 x 188mm, Women, Black","1","1","$50.00","$0.00","$50.00","$56.50","$29.99","$20.01","40.02%"
"210000003668","4717592037654","","250384-01","","TEKTRO 900A SIDE-PULL CALIPER BRAKE","0","1","$48.00","$0.00","$48.00","$54.24","$24.00","$24.00","50%"
"210000004305","4710944247183","","255376-01","","SUNRACE RDM57 7/8 SP MTB REAR DERAILLEUR","21","1","$27.00","$0.00","$27.00","$30.51","$11.44","$15.56","57.63%"
"210000004186","","","260202-02","","Shimano, Tourney RD-TY500, Rear derailleur, 6/7sp., SGS, Black, Direct attachment","17","1","$25.00","$0.00","$25.00","$28.25","$9.99","$15.01","60.04%"
"210000004182","192790447520","4550170447526","230855-02","","Shimano, SL-M315-7R, Trigger Shifter, Speed: 7, Black","6","1","$30.00","$0.00","$30.00","$33.90","$12.49","$17.51","58.37%"
"210000004181","","","230855-01","","Shimano, SL-M315-L, Trigger Shifter, Speed: 3, Black","0","1","$30.00","$0.00","$30.00","$33.90","$12.49","$17.51","58.37%"
"210000004217","689228246584","4524667246589","360637-01","","Shimano, FC-TX801, Crank Arm, 170mm, Square, Black","8","1","$35.00","$0.00","$35.00","$39.55","$16.97","$18.03","51.51%"
"210000004435","8715019176593","","","721115-01","Basil, Urban Dry Double Bag, Double bag, Solid Black","0","1","$185.00","$18.50","$166.50","$188.15","$108.89","$57.61","34.6%"
"210000004375","608011748609","","SPB-20","","BUTTER RUM","36","1","$3.00","$0.30","$2.70","$3.05","$2.00","$0.70","25.93%"
"210000004363","763416273726","","SPB-5","","Chocolate Covered Cherry","42","2","$6.00","$0.30","$5.70","$6.44","$4.00","$1.70","29.82%"
"210000002720","","","GH-7085630","","BRAVO GEL BLACK L","1","1","$45.00","$4.50","$40.50","$45.77","$20.00","$20.50","50.62%"
"210000002770","058817462559","","160021-15","","49N STD 27.5 x 1.95-2.4"" P/V48","0","1","$9.00","$0.00","$9.00","$10.17","$4.50","$4.50","50%"
"210000003728","","","","","Bar tape install","0","1","$15.00","$0.00","$15.00","$16.95","$0.00","$15.00","100%"
"210000001649","4019238587319","","CT-1007025","","GRAND SPORT RACE 700 X25 FOLD","0","2","$60.00","$0.00","$60.00","$67.80","$60.00","$0.00","0%"
"210000003394","","","006-0001","","ESI EXTRA CHUNKY BLACK","2","1","$35.00","$0.00","$35.00","$39.55","$17.99","$17.01","48.6%"
"210000004821","058817472817","","","177753-02","AXIOM FLASCHEGUARD 700/50","0","1","$105.00","$0.00","$105.00","$118.65","$52.50","$52.50","50%"
"210000002816","058817985522","","340823-01","","49N WALL MOUNT BIKE HANGER","3","1","$38.00","$0.00","$38.00","$42.94","$19.00","$19.00","50%"
"210000004698","","","","50128","ARM 175mm LEFT BLK ALLOY DIAMOND","3","1","$22.00","$0.00","$22.00","$24.86","$10.00","$12.00","54.55%"
"210000003884","058817930799","","250726-01","","49N BOLT-ON CALIPER PADS","1","2","$16.00","$0.00","$16.00","$18.08","$4.80","$11.20","70%"
"210000004361","608011748586","","SPB-25","","Face Melter","32","1","$3.00","$0.00","$3.00","$3.39","$1.88","$1.12","37.37%"
"210000004194","799403292005","","650250-01","","Delta, Smart Phone Holder","26","1","$46.00","$0.00","$46.00","$51.98","$18.09","$27.91","60.68%"
"210000001827","058817931345","","252855-01","","49N MTB PEDALS - ALLOY 9/16""","25","1","$24.00","$0.00","$24.00","$27.12","$8.49","$15.51","64.63%"
"210000003386","768686309182","","GH-7111846","","Xnetic Trail Coal M L","0","1","$65.00","$0.00","$65.00","$73.45","$30.00","$35.00","53.85%"
"210000004185","","","260202-01","","Shimano, Tourney RD-TY500, Rear derailleur, 6/7sp., SGS, Black, With adaptor","16","1","$25.00","$0.00","$25.00","$28.25","$9.49","$15.51","62.04%"
"210000002209","","","54500","","REAR AXEL 7,8,9 SPEED HOLLOW","32","1","$15.00","$0.00","$15.00","$16.95","$3.50","$11.50","76.67%"
"210000004861","","","CC-009-027-001","","BMX Mafia","0","1","$245.00","$0.00","$245.00","$276.85","$200.00","$45.00","18.37%"
"210000000147","058817004056","","160070","","16 X 1.75-2.125 SV(35) TUBE","23","1","$7.00","$0.00","$7.00","$7.91","$2.50","$4.50","64.29%"
"210000003679","183720000731","","168825-02","","NO TUBES UNIVERSAL TUBELESS VALVE STEMS44mm","5","1","$25.00","$0.00","$25.00","$28.25","$12.50","$12.50","50%"
"210000003725","8022530019835","","V-11A00142","","RUBINO PRO 28-622 FOLD BLACK G2.0","-2","1","$80.00","$0.00","$80.00","$90.40","$33.60","$46.40","58%"
"210000002733","8022530019798","","V-11A00140","","RUBINO PRO SPEED 25-622 FOLD BLACK G2.0","1","1","$80.00","$0.00","$80.00","$90.40","$40.00","$40.00","50%"
"210000004401","","","","042-2540","Smoothie Matte Black M","2","1","$610.00","$0.00","$610.00","$689.30","$421.99","$188.01","30.82%"
"210000002763","058817462184","","160020-13","","49N STD 24 x 1.50-1.95"" S/V40","0","1","$0.00","$0.00","$0.00","$0.00","$3.00","$-3.00",""
"210000003113","058817930539","","174402-02","","49N 24""-28"" KICKSTAND ALLOY MID-MOUNT","99","1","$21.00","$0.00","$21.00","$23.73","$10.47","$10.53","50.16%"
"210000002210","","","54386","","REAR AXLE SOLID 8 SPEED 185mm","9","3","$45.00","$0.00","$45.00","$50.85","$9.00","$36.00","80%"
"210000003605","","","26-632-37","","REAR / FREEWHEEL, NUT 27.5","0","1","$65.00","$0.00","$65.00","$73.45","$23.73","$41.27","63.49%"
"210000003792","047853631746","","010830-03-26","","Kenda, K850, Tire, 26''x2.10, Wire, Clincher, SRC, 37TPI, Black","6","1","$34.00","$0.00","$34.00","$38.42","$12.05","$21.95","64.56%"
"210000004762","","","","20-118-25","FREEWHEEL 7sp MF-TZ07 14-28T","0","3","$90.00","$0.00","$90.00","$101.70","$38.85","$51.15","56.83%"
"210000000953","4717592021448","","250233-02","","TEKTRO TR160-2 160MM 6-BLT RTR","-20","1","$21.00","$0.00","$21.00","$23.73","$9.68","$11.32","53.9%"
"210000004660","","","","28-832-28","REAR 26 DOUBLE BLK DISC HUB FREE WHEEL","0","1","$87.00","$0.00","$87.00","$98.31","$43.20","$43.80","50.34%"
"210000003893","","","041-2580","","SMOOTHIE  TEAL","0","1","$650.00","$0.00","$650.00","$734.50","$337.99","$312.01","48%"
"210000004209","4717784039268","","011746-06-275","","Maxxis, Rekon Race, Tire, 27.5''x2.25, Wire, Clincher, Single, EXO, 60TPI, Black","1","2","$110.00","$0.00","$110.00","$124.30","$61.58","$48.43","44.02%"
"210000004858","","","","041860-04-700","Wheel Shop, WTB DX18 / Shimano FH-M475, Wheel, Rear, 700C / 622, Holes: 36, QR, 135mm, Rim and Disc IS 6-bolt, Shimano HG","0","1","$125.00","$0.00","$125.00","$141.25","$61.87","$63.13","50.5%"
"210000000189","058817934254","","173626-01","","49N LOCK-DOWN PRFRMNC MTB GRIP","2","1","$22.00","$0.00","$22.00","$24.86","$11.00","$11.00","50%"
"210000004380","763416273757","","SPB-17","","RASPBERRY GINGER ALE","44","1","$3.00","$0.00","$3.00","$3.39","$2.00","$1.00","33.33%"
"210000004493","768686411779","","","GR-7133693","FIXTURE MIPS MAT PORT GREY","0","1","$100.00","$0.00","$100.00","$113.00","$47.00","$53.00","53%"
"210000003801","058817478253","","258496-01","","49N ANCHOR HEX KEY SKEWERS","21","1","$18.00","$0.00","$18.00","$20.34","$6.99","$11.01","61.17%"
"210000004162","058817930324","","250729-01","","49N V-BRAKE PADS 55MM","48","2","$16.00","$0.00","$16.00","$18.08","$5.80","$10.20","63.75%"
"210000003550","4710944249170","","255390-06","","SUNRACE FDM2A 5/6/7 SPEED MTB FRONT DERAILLEUR","2","1","$8.00","$0.00","$8.00","$9.04","$3.72","$4.28","53.5%"
"210000004265","058817205941","","171433-06","","49N ST. LAWRENCE BASKET PURPLE","3","1","$65.00","$0.00","$65.00","$73.45","$32.50","$32.50","50%"
"210000000833","058817274558","","254514-01","","49N DLX AM MTB STEM - 35MM","-1","1","$37.00","$0.00","$37.00","$41.81","$17.50","$19.50","52.7%"
"210000002211","","","98145","","REAR HUB BEARINGS","53","2","$10.00","$0.00","$10.00","$11.30","$0.60","$9.40","94%"
